name,label,format,measure,missing_values,value_labels
IDCNTRY,*COUNTRY ID*,F5.0,scale,,
IDBOOK,*ACHIEVEMENT TEST BOOKLET*,F2.0,nominal,99,
IDSCHOOL,*SCHOOL ID*,F4.0,scale,,
IDCLASS,*CLASS ID*,F6.0,scale,,
IDSTUD,*STUDENT ID*,F8.0,scale,,
IDGRADE,*GRADE ID*,F2.0,nominal,99,3=GRADE 3; 4=GRADE 4; 5=GRADE 5; 6=GRADE 6; 99=OMITTED OR INVALID
ITBIRTHD,*DATE OF STUDENTS BIRTH\DAY*,F2.0,scale,99,99=OMITTED OR INVALID
ITBIRTHM,*DATE OF STUDENTS BIRTH\MONTH*,F2.0,nominal,99,99=OMITTED OR INVALID
ITBIRTHY,*DATE OF STUDENTS BIRTH\YEAR*,F4.0,scale,9999,9999=OMITTED OR INVALID
ITSEX,*SEX OF STUDENTS*,F1.0,nominal,9,1=GIRL; 2=BOY; 9=OMITTED OR INVALID
ITADMINI,*TEST ADMINISTRATORS POSITION*,F1.0,nominal,9,"1=NATIONAL CENTER STAFF; 2=TCH FROM SCH,BUT NOT TCH OF SELECTED CLS; 3=OTHER; 9=OMITTED OR INVALID"
ITDATE,*DATE OF TESTING*,DATE11,scale,,
ITLANG,*LANGUAGE OF TESTING*,F2.0,nominal,99,99=OMITTED OR INVALID
ASBG01,GEN\SEX OF STUDENT,F1.0,nominal,9,1=GIRL; 2=BOY; 9=OMITTED OR INVALID
ASBG02A,GEN\DATE OF BIRTH\MONTH,F2.0,nominal,99,1=JANUARY; 2=FEBRUARY; 3=MARCH; 4=APRIL; 5=MAY; 6=JUNE; 7=JULY; 8=AUGUST; 9=SEPTEMBER; 10=OCTOBER; 11=NOVEMBER; 12=DECEMBER; 99=OMITTED OR INVALID
ASBG02B,GEN\DATE OF BIRTH\YEAR,F2.0,nominal,99,1=1998; 2=1999; 3=2000; 4=2001; 5=2002; 6=2003; 7=2004; 8=OTHER; 99=OMITTED OR INVALID
ASBG03,GEN\OFTEN SPEAK <LANG OF TEST> AT HOME,F1.0,nominal,9,1=ALWAYS OR ALMOST ALWAYS; 2=SOMETIMES; 3=NEVER; 9=OMITTED OR INVALID
ASBG04,GEN\AMOUNT OF BOOKS IN YOUR HOME,F1.0,nominal,9,1=NONE OR FEW (0-10); 2=ONE SHELF (11-25); 3=ONE BOOKCASE (26-100); 4=TWO BOOKCASES (101-200); 5=THREE ORE MORE BOOKCASES (200+); 9=OMITTED OR INVALID
ASBG05A,GEN\HOME POSSESS\COMPUTER,F1.0,nominal,9,1=YES; 2=NO; 9=OMITTED OR INVALID
ASBG05B,GEN\HOME POSSESS\STUDY DESK,F1.0,nominal,9,1=YES; 2=NO; 9=OMITTED OR INVALID
ASBG05C,GEN\HOME POSSESS\BOOKS,F1.0,nominal,9,1=YES; 2=NO; 9=OMITTED OR INVALID
ASBG05D,GEN\HOME POSSESS\OWN ROOM,F1.0,nominal,9,1=YES; 2=NO; 9=OMITTED OR INVALID
ASBG05E,GEN\HOME POSSESS\INTERNET CONNECTION,F1.0,nominal,9,1=YES; 2=NO; 9=OMITTED OR INVALID
ASBG05F,GEN\HOME POSSESS\<COUNTRY SPECIFIC>,F1.0,nominal,9,1=YES; 2=NO; 9=OMITTED OR INVALID
ASBG05G,GEN\HOME POSSESS\<COUNTRY SPECIFIC>,F1.0,nominal,9,1=YES; 2=NO; 9=OMITTED OR INVALID
ASBG05H,GEN\HOME POSSESS\<COUNTRY SPECIFIC>,F1.0,nominal,9,1=YES; 2=NO; 9=OMITTED OR INVALID
ASBG05I,GEN\HOME POSSESS\<COUNTRY SPECIFIC>,F1.0,nominal,9,1=YES; 2=NO; 9=OMITTED OR INVALID
ASBG05J,GEN\HOME POSSESS\<COUNTRY SPECIFIC>,F1.0,nominal,9,1=YES; 2=NO; 9=OMITTED OR INVALID
ASBG05K,GEN\HOME POSSESS\<COUNTRY SPECIFIC>,F1.0,nominal,9,1=YES; 2=NO; 9=OMITTED OR INVALID
ASBG06A,GEN\HOW OFTEN\USE COMPUTER\HOME,F1.0,nominal,9,1=EVERY DAY; 2=ONCE OR TWICE A WEEK; 3=ONCE OR TWICE A MONTH; 4=NEVER; 9=OMITTED OR INVALID
ASBG06B,GEN\HOW OFTEN\USE COMPUTER\SCHOOL,F1.0,nominal,9,1=EVERY DAY; 2=ONCE OR TWICE A WEEK; 3=ONCE OR TWICE A MONTH; 4=NEVER; 9=OMITTED OR INVALID
ASBG06C,GEN\HOW OFTEN\USE COMPUTER\OTHER,F1.0,nominal,9,1=EVERY DAY; 2=ONCE OR TWICE A WEEK; 3=ONCE OR TWICE A MONTH; 4=NEVER; 9=OMITTED OR INVALID
ASBG07A,GEN\HOW OFTEN\HOME\PARENTS ASK LEARNING,F1.0,nominal,9,1=EVERY DAY; 2=ONCE OR TWICE A WEEK; 3=ONCE OR TWICE A MONTH; 4=NEVER; 9=OMITTED OR INVALID
ASBG07B,GEN\HOW OFTEN\HOME\TALKING ABOUT SCHOOL,F1.0,nominal,9,1=EVERY DAY; 2=ONCE OR TWICE A WEEK; 3=ONCE OR TWICE A MONTH; 4=NEVER; 9=OMITTED OR INVALID
ASBG07C,GEN\HOW OFTEN\HOME\PARENTS MAKE SURE,F1.0,nominal,9,1=EVERY DAY; 2=ONCE OR TWICE A WEEK; 3=ONCE OR TWICE A MONTH; 4=NEVER; 9=OMITTED OR INVALID
ASBG07D,GEN\HOW OFTEN\HOME\PARENTS CHECK HOMEWOR,F1.0,nominal,9,1=EVERY DAY; 2=ONCE OR TWICE A WEEK; 3=ONCE OR TWICE A MONTH; 4=NEVER; 9=OMITTED OR INVALID
ASBG08A,GEN\AGREE\BEING IN SCHOOL,F1.0,nominal,9,1=AGREE A LOT; 2=AGREE A LITTLE; 3=DISAGREE A LITTLE; 4=DISAGREE A LOT; 9=OMITTED OR INVALID
ASBG08B,GEN\AGREE\SAFE AT SCHOOL,F1.0,nominal,9,1=AGREE A LOT; 2=AGREE A LITTLE; 3=DISAGREE A LITTLE; 4=DISAGREE A LOT; 9=OMITTED OR INVALID
ASBG08C,GEN\AGREE\BELONG AT SCHOOL,F1.0,nominal,9,1=AGREE A LOT; 2=AGREE A LITTLE; 3=DISAGREE A LITTLE; 4=DISAGREE A LOT; 9=OMITTED OR INVALID
ASBG09A,GEN\HOW OFTEN\MADE FUN OF,F1.0,nominal,9,1=ONCE A WEEK; 2=ONCE OR TWICE A MONTH; 3=FEW TIMES A YEAR; 4=NEVER; 9=OMITTED OR INVALID
ASBG09B,GEN\HOW OFTEN\LEFT OUT OF GAMES,F1.0,nominal,9,1=ONCE A WEEK; 2=ONCE OR TWICE A MONTH; 3=FEW TIMES A YEAR; 4=NEVER; 9=OMITTED OR INVALID
ASBG09C,GEN\HOW OFTEN\SPREADING LIES ABOUT ME,F1.0,nominal,9,1=ONCE A WEEK; 2=ONCE OR TWICE A MONTH; 3=FEW TIMES A YEAR; 4=NEVER; 9=OMITTED OR INVALID
ASBG09D,GEN\HOW OFTEN\STEALING STH FROM ME,F1.0,nominal,9,1=ONCE A WEEK; 2=ONCE OR TWICE A MONTH; 3=FEW TIMES A YEAR; 4=NEVER; 9=OMITTED OR INVALID
ASBG09E,GEN\HOW OFTEN\HURT BY OTHERS,F1.0,nominal,9,1=ONCE A WEEK; 2=ONCE OR TWICE A MONTH; 3=FEW TIMES A YEAR; 4=NEVER; 9=OMITTED OR INVALID
ASBG09F,GEN\HOW OFTEN\FORCE TO DO STH,F1.0,nominal,9,1=ONCE A WEEK; 2=ONCE OR TWICE A MONTH; 3=FEW TIMES A YEAR; 4=NEVER; 9=OMITTED OR INVALID
ASBM01A,MAT\AGREE\ENJOY LEARNING MATHEMATICS,F1.0,nominal,9,1=AGREE A LOT; 2=AGREE A LITTLE; 3=DISAGREE A LITTLE; 4=DISAGREE A LOT; 9=OMITTED OR INVALID
ASBM01B,MAT\AGREE\WISH HAVE NOT TO STUDY MATH,F1.0,nominal,9,1=AGREE A LOT; 2=AGREE A LITTLE; 3=DISAGREE A LITTLE; 4=DISAGREE A LOT; 9=OMITTED OR INVALID
ASBM01C,MAT\AGREE\MATH IS BORING,F1.0,nominal,9,1=AGREE A LOT; 2=AGREE A LITTLE; 3=DISAGREE A LITTLE; 4=DISAGREE A LOT; 9=OMITTED OR INVALID
ASBM01D,MAT\AGREE\LEARN INTERESTING THINGS,F1.0,nominal,9,1=AGREE A LOT; 2=AGREE A LITTLE; 3=DISAGREE A LITTLE; 4=DISAGREE A LOT; 9=OMITTED OR INVALID
ASBM01E,MAT\AGREE\LIKE MATHEMATICS,F1.0,nominal,9,1=AGREE A LOT; 2=AGREE A LITTLE; 3=DISAGREE A LITTLE; 4=DISAGREE A LOT; 9=OMITTED OR INVALID
ASBM01F,MAT\AGREE\IMPORTANT TO DO WELL IN MATH,F1.0,nominal,9,1=AGREE A LOT; 2=AGREE A LITTLE; 3=DISAGREE A LITTLE; 4=DISAGREE A LOT; 9=OMITTED OR INVALID
ASBM02A,MAT\AGREE\TEACHER EXPECTS TO DO,F1.0,nominal,9,1=AGREE A LOT; 2=AGREE A LITTLE; 3=DISAGREE A LITTLE; 4=DISAGREE A LOT; 9=OMITTED OR INVALID
ASBM02B,MAT\AGREE\THINGS NOT RELATED TO LESSON,F1.0,nominal,9,1=AGREE A LOT; 2=AGREE A LITTLE; 3=DISAGREE A LITTLE; 4=DISAGREE A LOT; 9=OMITTED OR INVALID
ASBM02C,MAT\AGREE\TEACHER IS EASY TO UNDERSTAND,F1.0,nominal,9,1=AGREE A LOT; 2=AGREE A LITTLE; 3=DISAGREE A LITTLE; 4=DISAGREE A LOT; 9=OMITTED OR INVALID
ASBM02D,MAT\AGREE\INTERESTED IN WHAT TCHR SAYS,F1.0,nominal,9,1=AGREE A LOT; 2=AGREE A LITTLE; 3=DISAGREE A LITTLE; 4=DISAGREE A LOT; 9=OMITTED OR INVALID
ASBM02E,MAT\AGREE\INTERESTING THINGS TO DO,F1.0,nominal,9,1=AGREE A LOT; 2=AGREE A LITTLE; 3=DISAGREE A LITTLE; 4=DISAGREE A LOT; 9=OMITTED OR INVALID
ASBM03A,MAT\AGREE\USUALLY DO WELL IN MATH,F1.0,nominal,9,1=AGREE A LOT; 2=AGREE A LITTLE; 3=DISAGREE A LITTLE; 4=DISAGREE A LOT; 9=OMITTED OR INVALID
ASBM03B,MAT\AGREE\HARDER FOR ME THAN FOR OTHERS,F1.0,nominal,9,1=AGREE A LOT; 2=AGREE A LITTLE; 3=DISAGREE A LITTLE; 4=DISAGREE A LOT; 9=OMITTED OR INVALID
ASBM03C,MAT\AGREE\JUST NOT GOOD IN MATH,F1.0,nominal,9,1=AGREE A LOT; 2=AGREE A LITTLE; 3=DISAGREE A LITTLE; 4=DISAGREE A LOT; 9=OMITTED OR INVALID
ASBM03D,MAT\AGREE\LEARN QUICKLY IN MATHEMATICS,F1.0,nominal,9,1=AGREE A LOT; 2=AGREE A LITTLE; 3=DISAGREE A LITTLE; 4=DISAGREE A LOT; 9=OMITTED OR INVALID
ASBM03E,MAT\AGREE\GOOD AT WORKING OUT PROBLEMS,F1.0,nominal,9,1=AGREE A LOT; 2=AGREE A LITTLE; 3=DISAGREE A LITTLE; 4=DISAGREE A LOT; 9=OMITTED OR INVALID
ASBM03F,MAT\AGREE\I AM GOOD AT MATHEMATICS,F1.0,nominal,9,1=AGREE A LOT; 2=AGREE A LITTLE; 3=DISAGREE A LITTLE; 4=DISAGREE A LOT; 9=OMITTED OR INVALID
ASBM03G,MAT\AGREE\MATHEMATICS HARDER FOR ME,F1.0,nominal,9,1=AGREE A LOT; 2=AGREE A LITTLE; 3=DISAGREE A LITTLE; 4=DISAGREE A LOT; 9=OMITTED OR INVALID
ASBS04A,SCI\AGREE\ENJOY LEARNING SCIENCE,F1.0,nominal,9,1=AGREE A LOT; 2=AGREE A LITTLE; 3=DISAGREE A LITTLE; 4=DISAGREE A LOT; 9=OMITTED OR INVALID
ASBS04B,SCI\AGREE\WISH HAVE NOT TO STUDY SCIENCE,F1.0,nominal,9,1=AGREE A LOT; 2=AGREE A LITTLE; 3=DISAGREE A LITTLE; 4=DISAGREE A LOT; 9=OMITTED OR INVALID
ASBS04C,SCI\AGREE\READ ABOUT SCIENCE SPARE TIME,F1.0,nominal,9,1=AGREE A LOT; 2=AGREE A LITTLE; 3=DISAGREE A LITTLE; 4=DISAGREE A LOT; 9=OMITTED OR INVALID
ASBS04D,SCI\AGREE\SCIENCE IS BORING,F1.0,nominal,9,1=AGREE A LOT; 2=AGREE A LITTLE; 3=DISAGREE A LITTLE; 4=DISAGREE A LOT; 9=OMITTED OR INVALID
ASBS04E,SCI\AGREE\LEARN INTERESTING THINGS,F1.0,nominal,9,1=AGREE A LOT; 2=AGREE A LITTLE; 3=DISAGREE A LITTLE; 4=DISAGREE A LOT; 9=OMITTED OR INVALID
ASBS04F,SCI\AGREE\LIKE SCIENCE,F1.0,nominal,9,1=AGREE A LOT; 2=AGREE A LITTLE; 3=DISAGREE A LITTLE; 4=DISAGREE A LOT; 9=OMITTED OR INVALID
ASBS04G,SCI\AGREE\IMPORTANT TO DO WELL IN SCI,F1.0,nominal,9,1=AGREE A LOT; 2=AGREE A LITTLE; 3=DISAGREE A LITTLE; 4=DISAGREE A LOT; 9=OMITTED OR INVALID
ASBS05A,SCI\AGREE\TEACHER EXPECTS TO DO,F1.0,nominal,9,1=AGREE A LOT; 2=AGREE A LITTLE; 3=DISAGREE A LITTLE; 4=DISAGREE A LOT; 9=OMITTED OR INVALID
ASBS05B,SCI\AGREE\THINGS NOT RELATED TO LESSON,F1.0,nominal,9,1=AGREE A LOT; 2=AGREE A LITTLE; 3=DISAGREE A LITTLE; 4=DISAGREE A LOT; 9=OMITTED OR INVALID
ASBS05C,SCI\AGREE\TEACHER EASY TO UNDERSTAND,F1.0,nominal,9,1=AGREE A LOT; 2=AGREE A LITTLE; 3=DISAGREE A LITTLE; 4=DISAGREE A LOT; 9=OMITTED OR INVALID
ASBS05D,SCI\AGREE\INTERESTED IN WHAT TCHR SAYS,F1.0,nominal,9,1=AGREE A LOT; 2=AGREE A LITTLE; 3=DISAGREE A LITTLE; 4=DISAGREE A LOT; 9=OMITTED OR INVALID
ASBS05E,SCI\AGREE\INTERESTING THINGS TO DO,F1.0,nominal,9,1=AGREE A LOT; 2=AGREE A LITTLE; 3=DISAGREE A LITTLE; 4=DISAGREE A LOT; 9=OMITTED OR INVALID
ASBS06A,SCI\AGREE\USUALLY DO WELL IN SCIENCE,F1.0,nominal,9,1=AGREE A LOT; 2=AGREE A LITTLE; 3=DISAGREE A LITTLE; 4=DISAGREE A LOT; 9=OMITTED OR INVALID
ASBS06B,SCI\AGREE\HARDER FOR ME THAN FOR OTHERS,F1.0,nominal,9,1=AGREE A LOT; 2=AGREE A LITTLE; 3=DISAGREE A LITTLE; 4=DISAGREE A LOT; 9=OMITTED OR INVALID
ASBS06C,SCI\AGREE\JUST NOT GOOD AT SCIENCE,F1.0,nominal,9,1=AGREE A LOT; 2=AGREE A LITTLE; 3=DISAGREE A LITTLE; 4=DISAGREE A LOT; 9=OMITTED OR INVALID
ASBS06D,SCI\AGREE\LEARN QUICKLY IN SCIENCE,F1.0,nominal,9,1=AGREE A LOT; 2=AGREE A LITTLE; 3=DISAGREE A LITTLE; 4=DISAGREE A LOT; 9=OMITTED OR INVALID
ASBS06E,SCI\AGREE\I AM GOOD AT SCIENCE,F1.0,nominal,9,1=AGREE A LOT; 2=AGREE A LITTLE; 3=DISAGREE A LITTLE; 4=DISAGREE A LOT; 9=OMITTED OR INVALID
ASBS06F,SCI\AGREE\SCIENCE IS HARDER FOR ME,F1.0,nominal,9,1=AGREE A LOT; 2=AGREE A LITTLE; 3=DISAGREE A LITTLE; 4=DISAGREE A LOT; 9=OMITTED OR INVALID
SSYSTEM,*SYSTEM ID STUDENT BACKGROUND FILE*,F6.0,scale,,
ITACCOMM1,*SPECIAL ACCOMMODATION/ACH SESSIO*,F1.0,nominal,9,0=NO SPECIAL ACCOMMODATION; 1=SPECIAL ACCOMMODATION; 9=OMITTED OR INVALID
IDPOP,*POPULATION ID*,F1.0,nominal,9,1=POP 1; 2=POP 2; 3=POP 3; 9=OMITTED OR INVALID
IDGRADER,*STANDARDIZED GRADE ID*,F1.0,nominal,9,1=LOWER GRADE; 2=UPPER GRADE; 9=OMITTED OR INVALID
CONDVAR1,*CONDITIONING VARIABLE*,F1.0,nominal,9,9=OMITTED OR INVALID
ASDAGE,*STUDENTS AGE*,F5.2,scale,99,99=OMITTED OR INVALID
IDSTRATE,*EXPLICIT STRATUM CODE*,F3.0,nominal,999,999=OMITTED OR INVALID
IDSTRATI,*IMPLICIT STRATUM CODE*,F3.0,nominal,999,999=OMITTED OR INVALID
TOTWGT,*TOTAL STUDENT WEIGHT*,F13.6,scale,999999,999999=OMITTED OR INVALID
HOUWGT,*HOUSE WEIGHT*,F13.6,scale,999999,999999=OMITTED OR INVALID
SENWGT,*SENATE WEIGHT*,F13.6,scale,999999,999999=OMITTED OR INVALID
WGTADJ1,*SCHOOL WEIGHT ADJUSTMENT*,F13.6,scale,999999,999999=OMITTED OR INVALID
WGTADJ2,*CLASS WEIGHT ADJUSTMENT*,F13.6,scale,999999,999999=OMITTED OR INVALID
WGTADJ3,*STUDENT WEIGHT ADJUSTMENT*,F13.6,scale,999999,999999=OMITTED OR INVALID
WGTFAC1,*SCHOOL WEIGHT FACTOR*,F13.6,scale,999999,999999=OMITTED OR INVALID
WGTFAC2,*CLASS WEIGHT FACTOR*,F13.6,scale,999999,999999=OMITTED OR INVALID
WGTFAC3,*STUDENT WEIGHT FACTOR*,F13.6,nominal,999999,999999=OMITTED OR INVALID
JKZONE,*JACKKNIFE ZONE*,F2.0,scale,99,99=OMITTED OR INVALID
JKREP,*JACKKNIFE REPLICATE CODE*,F1.0,nominal,9,9=OMITTED OR INVALID
ASMMAT01,*1ST PLAUSIBLE VALUE MATHEMATICS*,F6.2,scale,999,
ASMMAT02,*2ND PLAUSIBLE VALUE MATHEMATICS*,F6.2,scale,999,
ASMMAT03,*3RD PLAUSIBLE VALUE MATHEMATICS*,F6.2,scale,999,
ASMMAT04,*4TH PLAUSIBLE VALUE MATHEMATICS*,F6.2,scale,999,
ASMMAT05,*5TH PLAUSIBLE VALUE MATHEMATICS*,F6.2,scale,999,
ASSSCI01,*1ST PLAUSIBLE VALUE SCIENCE*,F6.2,scale,999,
ASSSCI02,*2ND PLAUSIBLE VALUE SCIENCE*,F6.2,scale,999,
ASSSCI03,*3RD PLAUSIBLE VALUE SCIENCE*,F6.2,scale,999,
ASSSCI04,*4TH PLAUSIBLE VALUE SCIENCE*,F6.2,scale,999,
ASSSCI05,*5TH PLAUSIBLE VALUE SCIENCE*,F6.2,scale,999,
ASMDAT01,*1ST PV DATA DISPLAY*,F6.2,scale,999,
ASMDAT02,*2ND PV DATA DISPLAY*,F6.2,scale,999,
ASMDAT03,*3RD PV DATA DISPLAY*,F6.2,scale,999,
ASMDAT04,*4TH PV DATA DISPLAY*,F6.2,scale,999,
ASMDAT05,*5TH PV DATA DISPLAY*,F6.2,scale,999,
ASMGEO01,*1ST PV GEOMETRY*,F6.2,scale,999,
ASMGEO02,*2ND PV GEOMETRY*,F6.2,scale,999,
ASMGEO03,*3RD PV GEOMETRY*,F6.2,scale,999,
ASMGEO04,*4TH PV GEOMETRY*,F6.2,scale,999,
ASMGEO05,*5TH PV GEOMETRY*,F6.2,scale,999,
ASMNUM01,*1ST PV NUMBER*,F6.2,scale,999,
ASMNUM02,*2ND PV NUMBER*,F6.2,scale,999,
ASMNUM03,*3RD PV NUMBER*,F6.2,scale,999,
ASMNUM04,*4TH PV NUMBER*,F6.2,scale,999,
ASMNUM05,*5TH PV NUMBER*,F6.2,scale,999,
ASSEAR01,*1ST PV EARTH SCIENCE*,F6.2,scale,999,
ASSEAR02,*2ND PV EARTH SCIENCE*,F6.2,scale,999,
ASSEAR03,*3RD PV EARTH SCIENCE*,F6.2,scale,999,
ASSEAR04,*4TH PV EARTH SCIENCE*,F6.2,scale,999,
ASSEAR05,*5TH PV EARTH SCIENCE*,F6.2,scale,999,
ASSLIF01,*1ST PV LIFE SCIENCE*,F6.2,scale,999,
ASSLIF02,*2ND PV LIFE SCIENCE*,F6.2,scale,999,
ASSLIF03,*3RD PV LIFE SCIENCE*,F6.2,scale,999,
ASSLIF04,*4TH PV LIFE SCIENCE*,F6.2,scale,999,
ASSLIF05,*5TH PV LIFE SCIENCE*,F6.2,scale,999,
ASSPHY01,*1ST PV PHYSICS*,F6.2,scale,999,
ASSPHY02,*2ND PV PHYSICS*,F6.2,scale,999,
ASSPHY03,*3RD PV PHYSICS*,F6.2,scale,999,
ASSPHY04,*4TH PV PHYSICS*,F6.2,scale,999,
ASSPHY05,*5TH PV PHYSICS*,F6.2,scale,999,
ASMKNO01,*1ST PV MATH KNOWING*,F6.2,scale,999,
ASMKNO02,*2ND PV MATH KNOWING*,F6.2,scale,999,
ASMKNO03,*3RD PV MATH KNOWING*,F6.2,scale,999,
ASMKNO04,*4TH PV MATH KNOWING*,F6.2,scale,999,
ASMKNO05,*5TH PV MATH KNOWING*,F6.2,scale,999,
ASMAPP01,*1ST PV MATH APPLYING*,F6.2,scale,999,
ASMAPP02,*2ND PV MATH APPLYING*,F6.2,scale,999,
ASMAPP03,*3RD PV MATH APPLYING*,F6.2,scale,999,
ASMAPP04,*4TH PV MATH APPLYING*,F6.2,scale,999,
ASMAPP05,*5TH PV MATH APPLYING*,F6.2,scale,999,
ASMREA01,*1ST PV MATH REASONING*,F6.2,scale,999,
ASMREA02,*2ND PV MATH REASONING*,F6.2,scale,999,
ASMREA03,*3RD PV MATH REASONING*,F6.2,scale,999,
ASMREA04,*4TH PV MATH REASONING*,F6.2,scale,999,
ASMREA05,*5TH PV MATH REASONING*,F6.2,scale,999,
ASSKNO01,*1ST PV SCIENCE KNOWING*,F6.2,scale,999,
ASSKNO02,*2ND PV SCIENCE KNOWING*,F6.2,scale,999,
ASSKNO03,*3RD PV SCIENCE KNOWING*,F6.2,scale,999,
ASSKNO04,*4TH PV SCIENCE KNOWING*,F6.2,scale,999,
ASSKNO05,*5TH PV SCIENCE KNOWING*,F6.2,scale,999,
ASSAPP01,*1ST PV SCIENCE APPLYING*,F6.2,scale,999,
ASSAPP02,*2ND PV SCIENCE APPLYING*,F6.2,scale,999,
ASSAPP03,*3RD PV SCIENCE APPLYING*,F6.2,scale,999,
ASSAPP04,*4TH PV SCIENCE APPLYING*,F6.2,scale,999,
ASSAPP05,*5TH PV SCIENCE APPLYING*,F6.2,scale,999,
ASSREA01,*1ST PV SCIENCE REASONING*,F6.2,scale,999,
ASSREA02,*2ND PV SCIENCE REASONING*,F6.2,scale,999,
ASSREA03,*3RD PV SCIENCE REASONING*,F6.2,scale,999,
ASSREA04,*4TH PV SCIENCE REASONING*,F6.2,scale,999,
ASSREA05,*5TH PV SCIENCE REASONING*,F6.2,scale,999,
ASMIBM01,*INTERN. MATH BENCH REACHED WITH 1ST PV*,F1.0,nominal,9,1=BELOW 400; 2=AT OR ABOVE 400 BUT BELOW 475; 3=AT OR ABOVE 475 BUT BELOW 550; 4=AT OR ABOVE 550 BUT BELOW 625; 5=AT OR ABOVE 625; 9=OMITTED OR INVALID
ASMIBM02,*INTERN. MATH BENCH REACHED WITH 2ND PV*,F1.0,nominal,9,1=BELOW 400; 2=AT OR ABOVE 400 BUT BELOW 475; 3=AT OR ABOVE 475 BUT BELOW 550; 4=AT OR ABOVE 550 BUT BELOW 625; 5=AT OR ABOVE 625; 9=OMITTED OR INVALID
ASMIBM03,*INTERN. MATH BENCH REACHED WITH 3RD PV*,F1.0,nominal,9,1=BELOW 400; 2=AT OR ABOVE 400 BUT BELOW 475; 3=AT OR ABOVE 475 BUT BELOW 550; 4=AT OR ABOVE 550 BUT BELOW 625; 5=AT OR ABOVE 625; 9=OMITTED OR INVALID
ASMIBM04,*INTERN. MATH BENCH REACHED WITH 4TH PV*,F1.0,nominal,9,1=BELOW 400; 2=AT OR ABOVE 400 BUT BELOW 475; 3=AT OR ABOVE 475 BUT BELOW 550; 4=AT OR ABOVE 550 BUT BELOW 625; 5=AT OR ABOVE 625; 9=OMITTED OR INVALID
ASMIBM05,*INTERN. MATH BENCH REACHED WITH 5TH PV*,F1.0,nominal,9,1=BELOW 400; 2=AT OR ABOVE 400 BUT BELOW 475; 3=AT OR ABOVE 475 BUT BELOW 550; 4=AT OR ABOVE 550 BUT BELOW 625; 5=AT OR ABOVE 625; 9=OMITTED OR INVALID
ASSIBM01,*INTERN. SCI BENCH REACHED WITH 1ST PV*,F1.0,nominal,9,1=BELOW 400; 2=AT OR ABOVE 400 BUT BELOW 475; 3=AT OR ABOVE 475 BUT BELOW 550; 4=AT OR ABOVE 550 BUT BELOW 625; 5=AT OR ABOVE 625; 9=OMITTED OR INVALID
ASSIBM02,*INTERN. SCI BENCH REACHED WITH 2ND PV*,F1.0,nominal,9,1=BELOW 400; 2=AT OR ABOVE 400 BUT BELOW 475; 3=AT OR ABOVE 475 BUT BELOW 550; 4=AT OR ABOVE 550 BUT BELOW 625; 5=AT OR ABOVE 625; 9=OMITTED OR INVALID
ASSIBM03,*INTERN. SCI BENCH REACHED WITH 3RD PV*,F1.0,nominal,9,1=BELOW 400; 2=AT OR ABOVE 400 BUT BELOW 475; 3=AT OR ABOVE 475 BUT BELOW 550; 4=AT OR ABOVE 550 BUT BELOW 625; 5=AT OR ABOVE 625; 9=OMITTED OR INVALID
ASSIBM04,*INTERN. SCI BENCH REACHED WITH 4TH PV*,F1.0,nominal,9,1=BELOW 400; 2=AT OR ABOVE 400 BUT BELOW 475; 3=AT OR ABOVE 475 BUT BELOW 550; 4=AT OR ABOVE 550 BUT BELOW 625; 5=AT OR ABOVE 625; 9=OMITTED OR INVALID
ASSIBM05,*INTERN. SCI BENCH REACHED WITH 5TH PV*,F1.0,nominal,9,1=BELOW 400; 2=AT OR ABOVE 400 BUT BELOW 475; 3=AT OR ABOVE 475 BUT BELOW 550; 4=AT OR ABOVE 550 BUT BELOW 625; 5=AT OR ABOVE 625; 9=OMITTED OR INVALID
ASBGSBS,*STUDENTS BULLIED AT SCHOOL/SCL T*,F12.5,scale,999996; 999999,999996=LOGICALLY NOT APPLICABLE; 999999=OMITTED OR INVALID
ASDGSBS,*STUDENTS BULLIED AT SCHOOL/IDX T*,F1.0,nominal,6; 9,1=ALMOST NEVER; 2=ABOUT MONTHLY; 3=ABOUT WEEKLY; 6=LOGICALLY NOT APPLICABLE; 9=OMITTED OR INVALID
ASBGSLM,*STUDENTS LIKE LEARNING MATHEMATICS/SCL T*,F12.5,scale,999996; 999999,999996=LOGICALLY NOT APPLICABLE; 999999=OMITTED OR INVALID
ASDGSLM,*STUDENTS LIKE LEARNING MATHEMATICS/IDX T*,F1.0,nominal,6; 9,1=LIKE LEARNING MATHEMATICS; 2=SOMEWHAT LIKE LEARNING MATHEMATICS; 3=DO NOT LIKE LEARNING MATHEMATICS; 6=LOGICALLY NOT APPLICABLE; 9=OMITTED OR INVALID
ASBGSLS,*STUDENTS LIKE LEARNING SCIENCE/SCL T*,F12.5,scale,999996; 999999,999996=LOGICALLY NOT APPLICABLE; 999999=OMITTED OR INVALID
ASDGSLS,*STUDENTS LIKE LEARNING SCIENCE/IDX T*,F1.0,nominal,6; 9,1=LIKE LEARNING SCIENCE; 2=SOMEWHAT LIKE LEARNING SCIENCE; 3=DO NOT LIKE LEARNING SCIENCE; 6=LOGICALLY NOT APPLICABLE; 9=OMITTED OR INVALID
ASBGSCM,*STUDENT CONFIDENCE WITH MATHEMATICS/SCL T*,F12.5,scale,999996; 999999,999996=LOGICALLY NOT APPLICABLE; 999999=OMITTED OR INVALID
ASDGSCM,*STUDENT CONFIDENCE WITH MATHEMATICS/IDX T*,F1.0,nominal,6; 9,1=CONFIDENT; 2=SOMEWHAT CONFIDENT; 3=NOT CONFIDENT; 6=LOGICALLY NOT APPLICABLE; 9=OMITTED OR INVALID
ASBGSCS,*STUDENT CONFIDENCE WITH SCIENCE/SCL T*,F12.5,scale,999996; 999999,999996=LOGICALLY NOT APPLICABLE; 999999=OMITTED OR INVALID
ASDGSCS,*STUDENT CONFIDENCE WITH SCIENCE/IDX T*,F1.0,nominal,6; 9,1=CONFIDENT; 2=SOMEWHAT CONFIDENT; 3=NOT CONFIDENT; 6=LOGICALLY NOT APPLICABLE; 9=OMITTED OR INVALID
ASBGEML,*STUDENTS ENGAGED IN MATHEMATICS LESSONS/SCL T*,F12.5,scale,999996; 999999,999996=LOGICALLY NOT APPLICABLE; 999999=OMITTED OR INVALID
ASDGEML,*STUDENTS ENGAGED IN MATHEMATICS LESSONS/IDX T*,F1.0,nominal,6; 9,1=ENGAGED; 2=SOMEWHAT ENGAGED; 3=NOT ENGAGED; 6=LOGICALLY NOT APPLICABLE; 9=OMITTED OR INVALID
ASBGESL,*STUDENTS ENGAGED IN SCIENCE LESSONS/SCL T*,F12.5,scale,999996; 999999,999996=LOGICALLY NOT APPLICABLE; 999999=OMITTED OR INVALID
ASDGESL,*STUDENTS ENGAGED IN SCIENCE LESSONS/IDX T*,F1.0,nominal,6; 9,1=ENGAGED; 2=SOMEWHAT ENGAGED; 3=NOT ENGAGED; 6=LOGICALLY NOT APPLICABLE; 9=OMITTED OR INVALID
ASDG05S,*NUMBER OF HOME STUDY SUPPORTS*,F1.0,nominal,6; 9,0=NEITHER OWN ROOM NOR INTERNET CONNECTION; 1=EITHER OWN ROOM OR INTERNET CONNECTION; 2=BOTH OWN ROOM AND INTERNET CONNECTION; 6=LOGICALLY NOT APPLICABLE; 9=OMITTED OR INVALID
ASDMLOWP,*MATHEMATICS ACH TOO LOW FOR ESTIMATION*,F1.0,nominal,6; 9,1=YES; 2=NO; 6=LOGICALLY NOT APPLICABLE; 9=OMITTED OR INVALID
ASDSLOWP,*SCIENCE ACH TOO LOW FOR ESTIMATION*,F1.0,nominal,6; 9,1=YES; 2=NO; 6=LOGICALLY NOT APPLICABLE; 9=OMITTED OR INVALID
DPCDATE,*FILE CREATION DATE AT DPC HAMBURG*,DATE11,scale,,
